Answer.ID,FailingMethod,Question.ID,Answer.duration,Answer.confidence,Answer.difficulty,GroundTruth,TP,TN,FN,FP,Answer.option,Answer.order,Answer.explanation,Code.LOC,Code.complexity,Worker.ID,Worker.score,Worker.profession,Worker.yearsOfExperience,Worker.age,Worker.gender,Worker.whereLearnedToCode,Worker.country,Worker.programmingLanguage,isCorrect,Halstead_volume,ReadabilityScore,CosineSimilarity,AverageScore,DiversityScore
1302,HIT04_7,55,570.195,4,3,1,1,0,0,0,1,2,In the initialization of e and s; the parameters for getDataItem is this.minMiddleIndex. It should be this.maxMiddleIndex,13,4,581Aa2A0a9-60,3,Undergraduate_Student,2.0,20,Male,University;Web,United States,Java,1,68.0,40.99202898550726,0.7724030618434622,0.5911616758492674,28.868867611354386
1036,HIT04_7,57,189.265,3,4,1,1,0,0,0,1,1,parameter for s is already set for 3 but expected value 1 so there is an issue,2,2,1535eC4G4g-8-85:827Ca-4g2e-90-5,5,Professional_Developer,1.0,25,Male,University,India,JAVA,1,66.41714012534482,40.99202898550726,0.7724030618434622,0.5911616758492674,28.868867611354386
1137,HIT04_7,58,2441.238,4,4,1,1,0,0,0,1,1,e is referencing minMiddleIndex instead of maxMiddleIndex on line 301,1,1,3AG2a6c-6-4-6:485Gg1i-6E-150:13GC7c-2c-843,5,Other,6.0,30,Male,University;Web,USA,python,1,33.219280948873624,40.99202898550726,0.7724030618434622,0.5911616758492674,28.868867611354386
671,HIT04_7,59,1810.998,3,5,1,1,0,0,0,1,1,"At line 301 the argument of ""getDataItem"" should be ""this.maxMiddleIndex"" but is instead ""this.minMiddleIndex"".This call is part of a method that updates bounds for all index variables( ""minStartIndex""; ""maxStartIndex""; ""minMiddleIndex""; etc)and more specifically the section of that code that updates the ""maxMiddleIndex"". Information that was retrieved using the ""getTime"" method erroneously retrieved it from the ""minMiddleIndex"" which led to bounds being updated incorrectly.",2,1,957cC5C0E4-4-5,5,Undergraduate_Student,2.0,20,Male,University,USA,Ada,1,353.7267201792581,40.99202898550726,0.7724030618434622,0.5911616758492674,28.868867611354386
679,HIT04_7,59,1015.295,4,2,1,1,0,0,0,1,1,You want to check for maxMiddleIndex to see if its value makes sense with the updated bounds. However; when calculating the maxMiddleIndex; you use this.minMiddleIndex instead of this.maxMiddleIndex as your index for retrieving the period. This should give you the wrong time span.,2,1,9GI2A-8C06-5,5,Professional_Developer,8.0,26,Male,High School;University,USA,Java; Ruby,1,222.30677506201943,40.99202898550726,0.7724030618434622,0.5911616758492674,28.868867611354386
