Answer.ID,FailingMethod,Question.ID,Answer.duration,Answer.confidence,Answer.difficulty,GroundTruth,TP,TN,FN,FP,Answer.option,Answer.order,Answer.explanation,Code.LOC,Code.complexity,Worker.ID,Worker.score,Worker.profession,Worker.yearsOfExperience,Worker.age,Worker.gender,Worker.whereLearnedToCode,Worker.country,Worker.programmingLanguage,isCorrect,Halstead_volume,ReadabilityScore,CosineSimilarity,AverageScore,DiversityScore
1802,HIT08_54,115,123.96,4,5,1,1,0,0,0,1,2,in line 115; if (ch3 > 'A' || ch3 < 'Z' || ch4 >'A' || ch4 < 'Z'),20,15,75Ei-8A9C4-76,4,Graduate_Student,1.0,37,Female,University,India,java,1,68.53238859703687,150.58000000000004,0.2681913598619224,0.8869956799309614,22.801503120132192
1805,HIT08_54,115,47.036,5,4,1,1,0,0,0,1,2,THERE IS,20,15,249iI-4G-6A9-26,3,Hobbyist,1.0,26,Male,Web,INDIA,ASP.NET,1,2.0,150.58000000000004,0.2681913598619224,0.8869956799309614,22.801503120132192
1807,HIT08_54,115,108.787,2,2,1,1,0,0,0,1,2,Line 115 invalid case.,20,15,395CE-8i-6E3-52,3,Hobbyist,2.0,31,Male,Web,Unites States of America,Java; Python,1,8.0,150.58000000000004,0.2681913598619224,0.8869956799309614,22.801503120132192
1765,HIT08_54,123,193.918,5,3,1,1,0,0,0,1,1,YOU MAY HAVE,3,2,249iI-4G-6A9-26,3,Hobbyist,1.0,26,Male,Web,INDIA,ASP.NET,1,4.754887502163468,150.58000000000004,0.2681913598619224,0.8869956799309614,22.801503120132192
