Answer.ID,FailingMethod,Question.ID,Answer.duration,Answer.confidence,Answer.difficulty,GroundTruth,TP,TN,FN,FP,Answer.option,Answer.order,Answer.explanation,Code.LOC,Code.complexity,Worker.ID,Worker.score,Worker.profession,Worker.yearsOfExperience,Worker.age,Worker.gender,Worker.whereLearnedToCode,Worker.country,Worker.programmingLanguage,isCorrect,Halstead_volume,ReadabilityScore,CosineSimilarity,AverageScore,DiversityScore
2573,HIT05_35,72,229.073,3,4,1,1,0,0,0,1,3,"Yes; as with the previous problems ""type"" gets set to the Object class when both ""array"" and ""element"" are null.",1,1,661ee-4e-8c4-5-6,4,Professional_Developer,10.0,33,Male,University;Web,US,C;C++;.NET,1,84.9585502688717,114.97129577464788,0.7099971155546367,0.9298550366505578,25.122556248918265
2577,HIT05_35,72,39.997,4,2,1,1,0,0,0,1,3,<?> is not defined.,1,1,100iI-7A-7g-505:15ge-4I9c-31-7,5,Hobbyist,4.0,28,Male,Web;Other books,United States,javascript,1,8.0,114.97129577464788,0.7099971155546367,0.9298550366505578,25.122556248918265
1544,HIT05_35,77,1692.577,4,3,1,1,0,0,0,1,1,The code is passing the class type as null.,1,1,127IC0c0A-56-3,4,Professional_Developer,15.0,41,Female,University;Other junior high computer class,USA,c sharp,1,27.0,114.97129577464788,0.7099971155546367,0.9298550366505578,25.122556248918265
1552,HIT05_35,77,770.273,4,4,1,1,0,0,0,1,1,Since the inputs are null; then return is an array of [null]. This cannot be cast to a type String.,1,1,562ag5I-9E-7-5-6,5,Other,30.0,52,Male,University,US,Java,1,86.43856189774725,114.97129577464788,0.7099971155546367,0.9298550366505578,25.122556248918265
