Answer.ID,FailingMethod,Question.ID,Answer.duration,Answer.confidence,Answer.difficulty,GroundTruth,TP,TN,FN,FP,Answer.option,Answer.order,Answer.explanation,Code.LOC,Code.complexity,Worker.ID,Worker.score,Worker.profession,Worker.yearsOfExperience,Worker.age,Worker.gender,Worker.whereLearnedToCode,Worker.country,Worker.programmingLanguage,isCorrect,Halstead_volume,ReadabilityScore,CosineSimilarity,AverageScore,DiversityScore
1314,HIT04_7,55,1132.727,4,4,1,1,0,0,0,1,2,"??!! both s and e are Long!  maybe just me; but this confuses (play with 's')! There is no TimePeriodValues in pgm.  TimePeriodValues s = new TimePeriodValues(""Test"");",13,4,63GI-8C5a906:400EE-2a-6c-4-89,4,Other,50.0,72,Male,University;Other private,usa,vbs; c/c++; autoit,1,125.38411712391756,84.78027848101267,0.6646940512883968,0.7562484180492617,33.341773206674446
1204,HIT04_7,56,180.612,2,5,1,1,0,0,0,1,2,long maxMiddle = s + (e - s) / 2;              if (middle > maxMiddle) {                  this.maxMiddleIndex = index;   ,1,1,666cg2a-4C2-83,3,Hobbyist,12.0,54,Female,Other Self taught,USA,C++,1,73.57433114250611,84.78027848101267,0.6646940512883968,0.7562484180492617,33.341773206674446
1206,HIT04_7,56,43.871,3,4,1,1,0,0,0,1,2,i think; instead of 3.0; we need to put 1.0,1,1,809cE-2g-5i-8-5-7,3,Graduate_Student,3.0,25,Male,University,india,java; php; c++,1,33.219280948873624,84.78027848101267,0.6646940512883968,0.7562484180492617,33.341773206674446
1027,HIT04_7,57,523.733,5,2,1,1,0,0,0,1,1,"The method call on line 299 and on line 301 are being invocated on the wrong object. The object should be ""this.maxMiddleIndex"" instead of ""this.minMiddleIndex"".",2,2,815aA-9g-4e44-8:182Ae3g-6i-30-5,5,Professional_Developer,5.0,29,Male,University;Other On the job,USA,Python; SQL; Java,1,108.04820237218406,84.78027848101267,0.6646940512883968,0.7562484180492617,33.341773206674446
679,HIT04_7,59,1015.295,4,2,1,1,0,0,0,1,1,You want to check for maxMiddleIndex to see if its value makes sense with the updated bounds. However; when calculating the maxMiddleIndex; you use this.minMiddleIndex instead of this.maxMiddleIndex as your index for retrieving the period. This should give you the wrong time span.,2,1,9GI2A-8C06-5,5,Professional_Developer,8.0,26,Male,High School;University,USA,Java; Ruby,1,222.30677506201943,84.78027848101267,0.6646940512883968,0.7562484180492617,33.341773206674446
