Answer.ID,FailingMethod,Question.ID,Answer.duration,Answer.confidence,Answer.difficulty,GroundTruth,TP,TN,FN,FP,Answer.option,Answer.order,Answer.explanation,Code.LOC,Code.complexity,Worker.ID,Worker.score,Worker.profession,Worker.yearsOfExperience,Worker.age,Worker.gender,Worker.whereLearnedToCode,Worker.country,Worker.programmingLanguage,isCorrect,Halstead_volume,ReadabilityScore,CosineSimilarity,AverageScore,DiversityScore
1802,HIT08_54,115,123.96,4,5,1,1,0,0,0,1,2,in line 115; if (ch3 > 'A' || ch3 < 'Z' || ch4 >'A' || ch4 < 'Z'),20,15,75Ei-8A9C4-76,4,Graduate_Student,1.0,37,Female,University,India,java,1,68.53238859703687,123.43210526315792,0.6694853687794338,0.9519032107055064,31.386885704510973
2189,HIT08_54,119,429.383,4,2,1,1,0,0,0,1,2,"ch3 would be ""_"" which is outside the range on line 115",1,1,3AG2a6c-6-4-6:485Gg1i-6E-150:13GC7c-2c-843,5,Other,6.0,30,Male,University;Web,USA,python,1,43.01955000865387,123.43210526315792,0.6694853687794338,0.9519032107055064,31.386885704510973
1761,HIT08_54,123,319.271,5,1,1,1,0,0,0,1,1,The country code is missing. Or rather lines 115/117 are looking at '_P' and the underscore fails the validation.,3,2,27Ei-8i0A-3-59:15cG-7i7C996,3,Professional_Developer,23.0,44,Male,High School;University,USA,RPG; Visual Basic,1,77.66179398375644,123.43210526315792,0.6694853687794338,0.9519032107055064,31.386885704510973
1764,HIT08_54,123,734.967,5,3,1,1,0,0,0,1,1,ch3 is an underscore; not an A-Z character. These lines of code tell it to throw an error when ch3 is not A-Z.,3,2,191CA-4G6G-4-20,3,Hobbyist,4.0,50,Female,University;Web,USA,Python,1,95.90827503317318,123.43210526315792,0.6694853687794338,0.9519032107055064,31.386885704510973
1765,HIT08_54,123,193.918,5,3,1,1,0,0,0,1,1,YOU MAY HAVE,3,2,249iI-4G-6A9-26,3,Hobbyist,1.0,26,Male,Web,INDIA,ASP.NET,1,4.754887502163468,123.43210526315792,0.6694853687794338,0.9519032107055064,31.386885704510973
