Answer.ID,FailingMethod,Question.ID,Answer.duration,Answer.confidence,Answer.difficulty,GroundTruth,TP,TN,FN,FP,Answer.option,Answer.order,Answer.explanation,Code.LOC,Code.complexity,Worker.ID,Worker.score,Worker.profession,Worker.yearsOfExperience,Worker.age,Worker.gender,Worker.whereLearnedToCode,Worker.country,Worker.programmingLanguage,isCorrect,Halstead_volume,ReadabilityScore,CosineSimilarity,AverageScore,DiversityScore
1419,HIT07_33,97,61.814,5,2,1,1,0,0,0,1,1,[]array should be [array],1,1,100iI-7A-7g-505:15ge-4I9c-31-7,5,Hobbyist,4.0,28,Male,Web;Other books,United States,javascript,1,8.0,117.42117647058824,0.6627071283464707,0.9184594465261766,27.122556248918265
1507,HIT07_33,102,57.665,5,1,1,1,0,0,0,1,2,the getClass() method cannot read from null!,3,3,94iC8I-7g2-6-9:176ac-2C-6e7-94,3,Professional_Developer,25.0,42,Male,High School;University;Web,United States of America,C#; C++,1,19.651484454403228,117.42117647058824,0.6627071283464707,0.9184594465261766,27.122556248918265
1510,HIT07_33,102,102.587,3,3,1,1,0,0,0,1,2,getClass() not defined,3,3,398iA0G-4E1-78,5,Hobbyist,13.0,29,Male,High School;University;Web,United States,JavaScript,1,4.754887502163468,117.42117647058824,0.6627071283464707,0.9184594465261766,27.122556248918265
1432,HIT07_33,104,485.485,5,2,1,1,0,0,0,1,1,The FOR loop should check if the element (array[i]) is null.  If yes; then set classes[i] to null.  Else; assign classes[i] to the return of getClass().,1,1,28Gc-2i-9C-18-2:442cA-6G6i-749,4,Professional_Developer,14.0,36,Female,University,USA,c++,1,112.37013046707143,117.42117647058824,0.6627071283464707,0.9184594465261766,27.122556248918265
