Answer.ID,FailingMethod,Question.ID,Answer.duration,Answer.confidence,Answer.difficulty,GroundTruth,TP,TN,FN,FP,Answer.option,Answer.order,Answer.explanation,Code.LOC,Code.complexity,Worker.ID,Worker.score,Worker.profession,Worker.yearsOfExperience,Worker.age,Worker.gender,Worker.whereLearnedToCode,Worker.country,Worker.programmingLanguage,isCorrect,Halstead_volume,ReadabilityScore,CosineSimilarity,AverageScore,DiversityScore
62,HIT02_24,10,1074.931,4,3,1,1,0,0,0,1,1,g has to be 0-255. But you are passing in -0.5. I don't know the specifics of the lowerbound and upperbound on the min and max as I am not a Java class expert; but I reckon g comes out negative once the calculation plays out.,1,1,27Ei-8i0A-3-59:15cG-7i7C996,3,Professional_Developer,23.0,44,Male,High School;University,USA,RPG; Visual Basic,1,241.40466561840492,81.25841911764707,0.6433127943320819,0.7279484927542763,22.972078920281582
65,HIT02_24,10,431.344,4,3,1,1,0,0,0,1,1,"depending on the upperBound and lowerBound values; ""g"" might exceed -255 or 255 which is not a valid value for the Color object.",1,1,817EE-1e2C78-7:129eE4a-1E-24-3,3,Hobbyist,32.0,32,Male,University,USA,java,1,102.56692722865783,81.25841911764707,0.6433127943320819,0.7279484927542763,22.972078920281582
67,HIT02_24,10,9112.97,5,2,1,1,0,0,0,1,1,"The variable ""value"" is incorrectly used on line 117; where the variable ""v"" should be used in its place. The variable ""value"" can exist beyond the range of ""this.lowerBound"" and ""this.upperBound"" and is causing this error.",1,1,815aA-9g-4e44-8:182Ae3g-6i-30-5,5,Professional_Developer,5.0,29,Male,University;Other On the job,USA,Python; SQL; Java,1,171.17595007788486,81.25841911764707,0.6433127943320819,0.7279484927542763,22.972078920281582
85,HIT02_24,14,75.243,4,2,1,1,0,0,0,1,2,"variable ""g"" might be outside the range of the Color class acceptable range values.",1,1,817EE-1e2C78-7:129eE4a-1E-24-3,3,Hobbyist,32.0,32,Male,University,USA,java,1,50.18947501009619,81.25841911764707,0.6433127943320819,0.7279484927542763,22.972078920281582
88,HIT02_24,14,30.739,3,3,1,1,0,0,0,1,2,i believe that some error there in that line ,1,1,1535eC4G4g-8-85:827Ca-4g2e-90-5,5,Professional_Developer,1.0,25,Male,University,India,JAVA,1,27.0,81.25841911764707,0.6433127943320819,0.7279484927542763,22.972078920281582
