Answer.ID,FailingMethod,Question.ID,Answer.duration,Answer.confidence,Answer.difficulty,GroundTruth,TP,TN,FN,FP,Answer.option,Answer.order,Answer.explanation,Code.LOC,Code.complexity,Worker.ID,Worker.score,Worker.profession,Worker.yearsOfExperience,Worker.age,Worker.gender,Worker.whereLearnedToCode,Worker.country,Worker.programmingLanguage,isCorrect,Halstead_volume,ReadabilityScore,CosineSimilarity,AverageScore,DiversityScore
2562,HIT05_35,72,25.84,4,3,1,1,0,0,0,1,3,Same concept here you are trying to cast an object to an array and you are not allowed to do so.,1,1,96CE1c7G35-1:591ga-7E0E9-88,4,Hobbyist,15.0,31,Female,Web,USA,java; python,1,84.0,85.52276666666668,0.8227066762292444,0.8389671714479556,27.648894517332412
2570,HIT05_35,72,576.649,5,1,1,1,0,0,0,1,3,The type should be directly inferred from the Template argument types. The array should be made of the type specified; not the getClass() of either the array or the element. ,1,1,106iG8G-9I-9-80:590CG-6G-7i-71-9,4,Professional_Developer,10.0,31,Male,High School;University;Web;Other work,usa,C++,1,127.43782540330756,85.52276666666668,0.8227066762292444,0.8389671714479556,27.648894517332412
2573,HIT05_35,72,229.073,3,4,1,1,0,0,0,1,3,"Yes; as with the previous problems ""type"" gets set to the Object class when both ""array"" and ""element"" are null.",1,1,661ee-4e-8c4-5-6,4,Professional_Developer,10.0,33,Male,University;Web,US,C;C++;.NET,1,84.9585502688717,85.52276666666668,0.8227066762292444,0.8389671714479556,27.648894517332412
2574,HIT05_35,72,53.208,5,1,1,1,0,0,0,1,3,Yes; type gets set to Object when both parameters to add are null which is what causes the ClassCastException. ,1,1,582GG-6a-7c31-1:310Ei-2a5i-4-17,5,Other,10.0,53,Male,University,India,R,1,79.22857502740393,85.52276666666668,0.8227066762292444,0.8389671714479556,27.648894517332412
1782,HIT05_35,73,43.979,3,3,1,1,0,0,0,1,2,I think that the array and string being null is likely to cause a problem in this case.,1,1,52ce6C-7G-1-1-1,3,Undergraduate_Student,5.0,20,Male,High School;University;Web,USA,Java; Javascript; C#,1,75.05865002596161,85.52276666666668,0.8227066762292444,0.8389671714479556,27.648894517332412
