Answer.ID,FailingMethod,Question.ID,Answer.duration,Answer.confidence,Answer.difficulty,GroundTruth,TP,TN,FN,FP,Answer.option,Answer.order,Answer.explanation,Code.LOC,Code.complexity,Worker.ID,Worker.score,Worker.profession,Worker.yearsOfExperience,Worker.age,Worker.gender,Worker.whereLearnedToCode,Worker.country,Worker.programmingLanguage,isCorrect,Halstead_volume,ReadabilityScore,CosineSimilarity,AverageScore,DiversityScore
1813,HIT08_54,115,84.939,5,1,1,1,0,0,0,1,2,this is the same problem as last time..... line 115 is not going to like the 4th character being an underscore. ,20,15,676ec6g2C1-2-9,5,Hobbyist,2.0,29,Male,High School;University;Web,USA,Ruby,1,89.20647778231529,90.6346371882086,0.7694471584609356,0.8378967651715108,27.786885704510976
2188,HIT08_54,119,115.272,4,3,1,1,0,0,0,1,2,This can't handle cases where the country code is omitted; but there are extensions in the locale string.,1,1,347ci9I0e-1-60,5,Hobbyist,30.0,45,Male,High School;University;Web,USA,JavaScript,1,73.57433114250611,90.6346371882086,0.7694471584609356,0.8378967651715108,27.786885704510976
1764,HIT08_54,123,734.967,5,3,1,1,0,0,0,1,1,ch3 is an underscore; not an A-Z character. These lines of code tell it to throw an error when ch3 is not A-Z.,3,2,191CA-4G6G-4-20,3,Hobbyist,4.0,50,Female,University;Web,USA,Python,1,95.90827503317318,90.6346371882086,0.7694471584609356,0.8378967651715108,27.786885704510976
1779,HIT08_54,123,498.361,5,3,1,1,0,0,0,1,1,"The if statement in line 115 is checking the character at locations 3 and 4; which in this case would be the fourth and fifth characters; ""_P"". It seems to be checking to make sure they are capital letters; which ch3 is not and rather is an underscore. Therefore either ch3 < 'A' or ch3 > 'Z' would return false; prompting the throwing of the IllegalArgumentException.      There are other possibilities for this same exception to be thrown before line 116; but our string should pass those without any issues.",3,2,21Ig2A-5e0-88:292CE-5a2c86-4:60ei9e-5I04-3,4,Professional_Developer,12.0,27,Male,High School;University;Web,United States,C#; Python,1,541.7841928712802,90.6346371882086,0.7694471584609356,0.8378967651715108,27.786885704510976
1780,HIT08_54,123,309.258,5,1,1,1,0,0,0,1,1,ch3 will have a value (an underscore) that falls outside the range of 'A' through 'Z',3,2,71gE-6g-5A-3-20,5,Professional_Developer,12.0,30,Male,Other self taught,USA,Java,1,64.0,90.6346371882086,0.7694471584609356,0.8378967651715108,27.786885704510976
