Answer.ID,FailingMethod,Question.ID,Answer.duration,Answer.confidence,Answer.difficulty,GroundTruth,TP,TN,FN,FP,Answer.option,Answer.order,Answer.explanation,Code.LOC,Code.complexity,Worker.ID,Worker.score,Worker.profession,Worker.yearsOfExperience,Worker.age,Worker.gender,Worker.whereLearnedToCode,Worker.country,Worker.programmingLanguage,isCorrect,Halstead_volume,ReadabilityScore,CosineSimilarity,AverageScore,DiversityScore
65,HIT02_24,10,431.344,4,3,1,1,0,0,0,1,1,"depending on the upperBound and lowerBound values; ""g"" might exceed -255 or 255 which is not a valid value for the Color object.",1,1,817EE-1e2C78-7:129eE4a-1E-24-3,3,Hobbyist,32.0,32,Male,University,USA,java,1,102.56692722865783,60.166726874657925,0.7413702320275876,0.6715187503870834,22.972078920281582
75,HIT02_24,10,230.524,3,2,1,1,0,0,0,1,1,The argument value is checked against the lowerBound and upperBound variables; but the resulting variable v is never used in the code. Therefore; the value being -0.5 in this case results in a negative integer value; which is outside the expected 0 to 255 range for a color.,1,1,881AC0I2E-625:135cI3E-7e8-86,5,Professional_Developer,7.0,24,Male,High School;University;Web,United States,C++;Java;PHP,1,250.05376155018962,60.166726874657925,0.7413702320275876,0.6715187503870834,22.972078920281582
78,HIT02_24,10,88.588,4,5,1,1,0,0,0,1,1,You are calling the Color constructor with three float parameters so the values are allowed to be between 0.0 and 1.0.,1,1,830gA-8i-9I517,5,Professional_Developer,6.0,26,Male,University,india,java,1,89.20647778231529,60.166726874657925,0.7413702320275876,0.6715187503870834,22.972078920281582
83,HIT02_24,14,247.533,4,3,1,1,0,0,0,1,2,The calculation of g appears to result in a negative integer value if the parameter value is negative to begin with. Passing a negative g into Color would produce the error and there is nothing in the definition of g that seeks to prevent that. And the calculation certainly looks like it would come out negative in that scenario. Again without understanding the relevance of lowerbound and upperbound; I cannot be 100 percent certain; as a caveat.,1,1,27Ei-8i0A-3-59:15cG-7i7C996,3,Professional_Developer,23.0,44,Male,High School;University,USA,RPG; Visual Basic,1,438.9338582968641,60.166726874657925,0.7413702320275876,0.6715187503870834,22.972078920281582
85,HIT02_24,14,75.243,4,2,1,1,0,0,0,1,2,"variable ""g"" might be outside the range of the Color class acceptable range values.",1,1,817EE-1e2C78-7:129eE4a-1E-24-3,3,Hobbyist,32.0,32,Male,University,USA,java,1,50.18947501009619,60.166726874657925,0.7413702320275876,0.6715187503870834,22.972078920281582
