Answer.ID,FailingMethod,Question.ID,Answer.duration,Answer.confidence,Answer.difficulty,GroundTruth,TP,TN,FN,FP,Answer.option,Answer.order,Answer.explanation,Code.LOC,Code.complexity,Worker.ID,Worker.score,Worker.profession,Worker.yearsOfExperience,Worker.age,Worker.gender,Worker.whereLearnedToCode,Worker.country,Worker.programmingLanguage,isCorrect,Halstead_volume,ReadabilityScore,CosineSimilarity,AverageScore,DiversityScore
1802,HIT08_54,115,123.96,4,5,1,1,0,0,0,1,2,in line 115; if (ch3 > 'A' || ch3 < 'Z' || ch4 >'A' || ch4 < 'Z'),20,15,75Ei-8A9C4-76,4,Graduate_Student,1.0,37,Female,University,India,java,1,68.53238859703687,126.3773643410853,0.6292813837909761,0.9465275136009146,29.937863204943667
1807,HIT08_54,115,108.787,2,2,1,1,0,0,0,1,2,Line 115 invalid case.,20,15,395CE-8i-6E3-52,3,Hobbyist,2.0,31,Male,Web,Unites States of America,Java; Python,1,8.0,126.3773643410853,0.6292813837909761,0.9465275136009146,29.937863204943667
1761,HIT08_54,123,319.271,5,1,1,1,0,0,0,1,1,The country code is missing. Or rather lines 115/117 are looking at '_P' and the underscore fails the validation.,3,2,27Ei-8i0A-3-59:15cG-7i7C996,3,Professional_Developer,23.0,44,Male,High School;University,USA,RPG; Visual Basic,1,77.66179398375644,126.3773643410853,0.6292813837909761,0.9465275136009146,29.937863204943667
1764,HIT08_54,123,734.967,5,3,1,1,0,0,0,1,1,ch3 is an underscore; not an A-Z character. These lines of code tell it to throw an error when ch3 is not A-Z.,3,2,191CA-4G6G-4-20,3,Hobbyist,4.0,50,Female,University;Web,USA,Python,1,95.90827503317318,126.3773643410853,0.6292813837909761,0.9465275136009146,29.937863204943667
1765,HIT08_54,123,193.918,5,3,1,1,0,0,0,1,1,YOU MAY HAVE,3,2,249iI-4G-6A9-26,3,Hobbyist,1.0,26,Male,Web,INDIA,ASP.NET,1,4.754887502163468,126.3773643410853,0.6292813837909761,0.9465275136009146,29.937863204943667
