Answer.ID,FailingMethod,Question.ID,Answer.duration,Answer.confidence,Answer.difficulty,GroundTruth,TP,TN,FN,FP,Answer.option,Answer.order,Answer.explanation,Code.LOC,Code.complexity,Worker.ID,Worker.score,Worker.profession,Worker.yearsOfExperience,Worker.age,Worker.gender,Worker.whereLearnedToCode,Worker.country,Worker.programmingLanguage,isCorrect,Halstead_volume,ReadabilityScore,CosineSimilarity,AverageScore,DiversityScore
492,HIT03_6,23,230.47,4,2,1,1,0,0,0,1,3,On line 95; there is a space between pos and += which I feel is the wrong syntax. Instead; it should be pos+=. I suspect this threw an exception.,14,7,75IG0G-7C6-30:286AC-3A-2g0-74:3aI0C8I-9-2-5,4,Professional_Developer,9.0,33,Female,University,india,PHP,1,137.8917375627406,100.01179220779224,0.6745522071323009,0.8373350646051115,26.74511249783653
496,HIT03_6,23,46.668,5,1,1,1,0,0,0,1,3,pt can go out of range of the array,14,7,1033Ae4A5G2-3-4,5,Professional_Developer,25.0,42,Male,High School;University;Web,United States of America,c#; c++,1,27.0,100.01179220779224,0.6745522071323009,0.8373350646051115,26.74511249783653
500,HIT03_6,23,244.33,3,4,1,1,0,0,0,1,2,This is definitely where the problem is; but I'm not sure where.,14,7,94ce-5I9a-4-3-6:477Gi5i-7I316,4,Hobbyist,14.0,32,Male,Web,USA,PHP; JavaScript,1,43.01955000865387,100.01179220779224,0.6745522071323009,0.8373350646051115,26.74511249783653
593,HIT03_6,32,457.226,2,4,1,1,0,0,0,1,2,"depending on the input; the ""pos"" could be longer than the length of the input.",1,1,817EE-1e2C78-7:129eE4a-1E-24-3,3,Hobbyist,32.0,32,Male,University,USA,java,1,53.77443751081734,100.01179220779224,0.6745522071323009,0.8373350646051115,26.74511249783653
