Answer.ID,FailingMethod,Question.ID,Answer.duration,Answer.confidence,Answer.difficulty,GroundTruth,TP,TN,FN,FP,Answer.option,Answer.order,Answer.explanation,Code.LOC,Code.complexity,Worker.ID,Worker.score,Worker.profession,Worker.yearsOfExperience,Worker.age,Worker.gender,Worker.whereLearnedToCode,Worker.country,Worker.programmingLanguage,isCorrect,Halstead_volume,ReadabilityScore,CosineSimilarity,AverageScore,DiversityScore
62,HIT02_24,10,1074.931,4,3,1,1,0,0,0,1,1,g has to be 0-255. But you are passing in -0.5. I don't know the specifics of the lowerbound and upperbound on the min and max as I am not a Java class expert; but I reckon g comes out negative once the calculation plays out.,1,1,27Ei-8i0A-3-59:15cG-7i7C996,3,Professional_Developer,23.0,44,Male,High School;University,USA,RPG; Visual Basic,1,241.40466561840492,79.72787500000001,0.6583842898718846,0.7278315199359424,21.299173324961526
65,HIT02_24,10,431.344,4,3,1,1,0,0,0,1,1,"depending on the upperBound and lowerBound values; ""g"" might exceed -255 or 255 which is not a valid value for the Color object.",1,1,817EE-1e2C78-7:129eE4a-1E-24-3,3,Hobbyist,32.0,32,Male,University,USA,java,1,102.56692722865783,79.72787500000001,0.6583842898718846,0.7278315199359424,21.299173324961526
67,HIT02_24,10,9112.97,5,2,1,1,0,0,0,1,1,"The variable ""value"" is incorrectly used on line 117; where the variable ""v"" should be used in its place. The variable ""value"" can exist beyond the range of ""this.lowerBound"" and ""this.upperBound"" and is causing this error.",1,1,815aA-9g-4e44-8:182Ae3g-6i-30-5,5,Professional_Developer,5.0,29,Male,University;Other On the job,USA,Python; SQL; Java,1,171.17595007788486,79.72787500000001,0.6583842898718846,0.7278315199359424,21.299173324961526
82,HIT02_24,14,74.804,3,3,1,1,0,0,0,1,2,I'm not sure if this is the issue but the fact that int g is being defined by (int) could be causing some kind of parameter error.,1,1,358ig-7C7C5-1-2:10EI0c-3A0-3-9,5,Professional_Developer,5.0,32,Male,University,USA,SQL,1,125.38411712391756,79.72787500000001,0.6583842898718846,0.7278315199359424,21.299173324961526
85,HIT02_24,14,75.243,4,2,1,1,0,0,0,1,2,"variable ""g"" might be outside the range of the Color class acceptable range values.",1,1,817EE-1e2C78-7:129eE4a-1E-24-3,3,Hobbyist,32.0,32,Male,University,USA,java,1,50.18947501009619,79.72787500000001,0.6583842898718846,0.7278315199359424,21.299173324961526
