Answer.ID,FailingMethod,Question.ID,Answer.duration,Answer.confidence,Answer.difficulty,GroundTruth,TP,TN,FN,FP,Answer.option,Answer.order,Answer.explanation,Code.LOC,Code.complexity,Worker.ID,Worker.score,Worker.profession,Worker.yearsOfExperience,Worker.age,Worker.gender,Worker.whereLearnedToCode,Worker.country,Worker.programmingLanguage,isCorrect,Halstead_volume,ReadabilityScore,CosineSimilarity,AverageScore,DiversityScore
1909,HIT06_51,84,111.344,5,2,1,1,0,0,0,1,2,Correct the while loop. The problem will be solved.,18,7,740Ce1I9I-71-7,5,Professional_Developer,20.0,33,Male,University,India,PHP,1,27.0,110.62957516339873,0.6613019726436832,0.8837988621388351,28.5
1917,HIT06_51,84,69.393,4,4,1,1,0,0,0,1,2,"I believe ""E"" within the clause is resulting to the failure.",18,7,100iI-7A-7g-505:15ge-4I9c-31-7,5,Hobbyist,4.0,28,Male,Web;Other books,United States,javascript,1,36.541209043760986,110.62957516339873,0.6613019726436832,0.8837988621388351,28.5
2341,HIT06_51,92,1071.792,2,4,1,1,0,0,0,1,1,"I don't know what the ""add()"" method does for sure; but it seems to only build strings. Looks to me like it should be // if (exp >0) // in order to get the correct output.",5,3,41eI0e3i-806:568Ae7g8c-7-1-2,5,Hobbyist,4.0,35,Male,University;Web;Other MOOC,USA,Java Python,1,178.3510671739275,110.62957516339873,0.6613019726436832,0.8837988621388351,28.5
2262,HIT06_51,95,188.032,3,3,1,1,0,0,0,1,3,The problem is that a [-0.] is expected; but not returned. The call to add passes as an argument the string of value that could not be possibly be [-0] as it formerly was a long number; which has no sign on 0. This is the place where the -0. expected might be loss.,1,1,59gA3i5E2-7-9:249IE-2a8E-92-1,5,Graduate_Student,12.0,40,Male,University;Web,Colombia,C++,1,291.18514083005306,110.62957516339873,0.6613019726436832,0.8837988621388351,28.5
