Answer.ID,FailingMethod,Question.ID,Answer.duration,Answer.confidence,Answer.difficulty,GroundTruth,TP,TN,FN,FP,Answer.option,Answer.order,Answer.explanation,Code.LOC,Code.complexity,Worker.ID,Worker.score,Worker.profession,Worker.yearsOfExperience,Worker.age,Worker.gender,Worker.whereLearnedToCode,Worker.country,Worker.programmingLanguage,isCorrect,Halstead_volume,ReadabilityScore,CosineSimilarity,AverageScore,DiversityScore
446,HIT01_8,1,236.045,5,1,1,1,0,0,0,1,3,"The variable ""minutesOffset"" is checked incorrectly by the IF statement on line 279. Any negative value for ""minutesOffset"" will throw this exception; while the documentation states that ""minutesOffset"" can be negative in some cases.",1,1,815aA-9g-4e44-8:182Ae3g-6i-30-5,5,Professional_Developer,5.0,29,Male,University;Other On the job,USA,Python; SQL; Java,1,165.17135383433745,75.48339666090963,0.7565216456124266,0.7556778061107614,29.039818205809055
450,HIT01_8,1,253.302,4,2,1,1,0,0,0,1,2,"As noted in the comments; valid input for minutes must be in the rage -59 to +59 but on line 279 of the source minutesOffset is checked for < 0. Instead it should be minutesOFfset < -59 . Also noted in comments is that versions before 2.3 minutes had to be zero or positive. ""Minutes out of range: + minutesOffset"" is our error.",1,1,41eI0e3i-806:568Ae7g8c-7-1-2,5,Hobbyist,4.0,35,Male,University;Web;Other MOOC,USA,Java Python,1,349.93909765569117,75.48339666090963,0.7565216456124266,0.7556778061107614,29.039818205809055
457,HIT01_8,1,129.491,5,1,1,1,0,0,0,1,2,The error is stemming from line 279 because the value of -15 for minutesOffset is < 0. The line should be     if (minutesOffset < -59 || minutesOffset > 59) {,1,1,83gE-9E9a-176:1609ca8I0E-894,4,Undergraduate_Student,9.0,27,Male,High School;University;Web,USA,c++,1,137.54887502163467,75.48339666090963,0.7565216456124266,0.7556778061107614,29.039818205809055
245,HIT01_8,4,93.64,5,1,1,1,0,0,0,1,2,According to the comments; the minute value should be between -59 and +59; but the conditional statement is checking for a value between 0 and 59.,3,2,270eG-5c6A3-46:65eI-2i-2I-9-36,5,Professional_Developer,20.0,38,Male,High School;University;Other On the job,USA,C#,1,114.20025299224778,75.48339666090963,0.7565216456124266,0.7556778061107614,29.039818205809055
256,HIT01_8,4,50.738,5,1,1,1,0,0,0,1,1,This conditional will reject any negative minute input; even if the hour input is also negative.,3,2,172Cg2C7i-8-1-4,3,Graduate_Student,6.0,33,Female,High School;University;Other work,US,Java,1,64.0,75.48339666090963,0.7565216456124266,0.7556778061107614,29.039818205809055
