Answer.ID,FailingMethod,Question.ID,Answer.duration,Answer.confidence,Answer.difficulty,GroundTruth,TP,TN,FN,FP,Answer.option,Answer.order,Answer.explanation,Code.LOC,Code.complexity,Worker.ID,Worker.score,Worker.profession,Worker.yearsOfExperience,Worker.age,Worker.gender,Worker.whereLearnedToCode,Worker.country,Worker.programmingLanguage,isCorrect,Halstead_volume,ReadabilityScore,CosineSimilarity,AverageScore,DiversityScore
1906,HIT06_51,84,300.561,4,3,1,1,0,0,0,1,2,"The error is in the while loop within the clause which will never be able to exit the loop; for the same reasons I wrote in the first question. Because the error is within the loop; the loop will continue and never reach the end of the method ""addNumber"" and as such the add method will never be called from outside the source code.",18,7,555aC0a8e4-8-3:535CE8A-5e-95-2,3,Graduate_Student,1.0,25,Female,University,USA,java,1,338.2657420071839,84.92529087452472,0.7687203506172147,0.8089866296812309,33.24372820753983
2351,HIT06_51,92,376.04,2,5,1,1,0,0,0,1,1,"I think so; addbstring converts the null message to the String ""null"" may be I am wrong",5,3,1080iE3G5I-102,5,Hobbyist,1.0,24,Female,Web,india,python,1,66.41714012534482,84.92529087452472,0.7687203506172147,0.8089866296812309,33.24372820753983
2352,HIT06_51,92,389.312,5,1,1,1,0,0,0,1,1,The highlighted if statement relates to the treatment of large numbers; not decimals.,5,3,1159AI-9A9g2-1-9,5,Professional_Developer,20.0,35,Male,Other Self-taught as a child,United States,Javascript,1,46.60451250937503,84.92529087452472,0.7687203506172147,0.8089866296812309,33.24372820753983
2262,HIT06_51,95,188.032,3,3,1,1,0,0,0,1,3,The problem is that a [-0.] is expected; but not returned. The call to add passes as an argument the string of value that could not be possibly be [-0] as it formerly was a long number; which has no sign on 0. This is the place where the -0. expected might be loss.,1,1,59gA3i5E2-7-9:249IE-2a8E-92-1,5,Graduate_Student,12.0,40,Male,University;Web,Colombia,C++,1,291.18514083005306,84.92529087452472,0.7687203506172147,0.8089866296812309,33.24372820753983
2267,HIT06_51,95,63.658,5,1,1,1,0,0,0,1,3,"Yes. The problem is exactly that when we get to line 260 in our code (add(Long.toString(value));); we actually send 0 as an argument to the ""add"" method; not -0.0; because variable ""value"" is defined of type long eliminating our .0 portion of the number and automatically converting the remaining -0 to 0; since it's the same thing to the compiler. As a result; 0 is appended to our string; not -0.0.",1,1,484Ec-5E-6C52-2,5,Undergraduate_Student,6.0,21,Male,High School,United States,C#; C++,1,406.68235227398714,84.92529087452472,0.7687203506172147,0.8089866296812309,33.24372820753983
