Answer.ID,FailingMethod,Question.ID,Answer.duration,Answer.confidence,Answer.difficulty,GroundTruth,TP,TN,FN,FP,Answer.option,Answer.order,Answer.explanation,Code.LOC,Code.complexity,Worker.ID,Worker.score,Worker.profession,Worker.yearsOfExperience,Worker.age,Worker.gender,Worker.whereLearnedToCode,Worker.country,Worker.programmingLanguage,isCorrect,Halstead_volume,ReadabilityScore,CosineSimilarity,AverageScore,DiversityScore
2573,HIT05_35,72,229.073,3,4,1,1,0,0,0,1,3,"Yes; as with the previous problems ""type"" gets set to the Object class when both ""array"" and ""element"" are null.",1,1,661ee-4e-8c4-5-6,4,Professional_Developer,10.0,33,Male,University;Web,US,C;C++;.NET,1,84.9585502688717,74.06176470588237,0.8261126390287722,0.783365143043798,28.84889451733241
2574,HIT05_35,72,53.208,5,1,1,1,0,0,0,1,3,Yes; type gets set to Object when both parameters to add are null which is what causes the ClassCastException. ,1,1,582GG-6a-7c31-1:310Ei-2a5i-4-17,5,Other,10.0,53,Male,University,India,R,1,79.22857502740393,74.06176470588237,0.8261126390287722,0.783365143043798,28.84889451733241
1781,HIT05_35,73,409.852,3,4,1,1,0,0,0,1,2,Both the first conditional statment and nested conditional statement are false; therefore the line sets the variable type=Object.class. Since the failure relates to an attempt to cast an object to a string; it seems that this could be where the type object is introduced and therefore may be related to the failure. ,1,1,8EI3i9I949:931ii-1c6G-5-95,3,Other,10.0,27,Female,High School;University,USA,Java,1,272.89223069906643,74.06176470588237,0.8261126390287722,0.783365143043798,28.84889451733241
1782,HIT05_35,73,43.979,3,3,1,1,0,0,0,1,2,I think that the array and string being null is likely to cause a problem in this case.,1,1,52ce6C-7G-1-1-1,3,Undergraduate_Student,5.0,20,Male,High School;University;Web,USA,Java; Javascript; C#,1,75.05865002596161,74.06176470588237,0.8261126390287722,0.783365143043798,28.84889451733241
1549,HIT05_35,77,1268.803,5,3,1,1,0,0,0,1,1,You need to change the method to throw IllegalArgumentException when both parameters are null.  It works fine as long as one of the parameters are not null.,1,1,428iG0c6A-7-8-1,5,Hobbyist,8.0,18,Male,High School;University;Web,United States,C++; C#; Java; Python,1,118.59257041502654,74.06176470588237,0.8261126390287722,0.783365143043798,28.84889451733241
