Answer.ID,FailingMethod,Question.ID,Answer.duration,Answer.confidence,Answer.difficulty,GroundTruth,TP,TN,FN,FP,Answer.option,Answer.order,Answer.explanation,Code.LOC,Code.complexity,Worker.ID,Worker.score,Worker.profession,Worker.yearsOfExperience,Worker.age,Worker.gender,Worker.whereLearnedToCode,Worker.country,Worker.programmingLanguage,isCorrect,Halstead_volume,ReadabilityScore,CosineSimilarity,AverageScore,DiversityScore
513,HIT03_6,20,447.514,4,3,1,1,0,0,0,1,1,Checking a character in the string with pos most likely causes an error since the error is a string out of bounds,1,1,1221iC8A5A242:495CC9e6a691:11aE2c-4c-9-86,4,Undergraduate_Student,4.0,19,Male,University;Web;Other FIRST Robotics,United States,C++,1,91.73835003173087,66.62214285714289,0.8040749564613417,0.7351481925163853,30.06886761135439
500,HIT03_6,23,244.33,3,4,1,1,0,0,0,1,2,This is definitely where the problem is; but I'm not sure where.,14,7,94ce-5I9a-4-3-6:477Gi5i-7I316,4,Hobbyist,14.0,32,Male,Web,USA,PHP; JavaScript,1,43.01955000865387,66.62214285714289,0.8040749564613417,0.7351481925163853,30.06886761135439
412,HIT03_6,30,1201.538,2,5,1,1,0,0,0,1,2,the for loop is limited up to the value of consumed; while pos is incremented; possibly past the end of input since there are no check conditions.,3,2,781gE-5a0I-2-8-5,3,Hobbyist,35.0,59,Male,University;Web;Other self study,USA,Euphoria,1,122.13617281353935,66.62214285714289,0.8040749564613417,0.7351481925163853,30.06886761135439
583,HIT03_6,32,269.281,2,3,1,1,0,0,0,1,2,The pos counter is being incremented in line 89 and line 95 within the while; so it could be incremented beyond the len variable.,1,1,270eG-5c6A3-46:65eI-2i-2I-9-36,5,Professional_Developer,20.0,38,Male,High School;University;Other On the job,USA,C#,1,103.72627427729671,66.62214285714289,0.8040749564613417,0.7351481925163853,30.06886761135439
593,HIT03_6,32,457.226,2,4,1,1,0,0,0,1,2,"depending on the input; the ""pos"" could be longer than the length of the input.",1,1,817EE-1e2C78-7:129eE4a-1E-24-3,3,Hobbyist,32.0,32,Male,University,USA,java,1,53.77443751081734,66.62214285714289,0.8040749564613417,0.7351481925163853,30.06886761135439
