Answer.ID,FailingMethod,Question.ID,Answer.duration,Answer.confidence,Answer.difficulty,GroundTruth,TP,TN,FN,FP,Answer.option,Answer.order,Answer.explanation,Code.LOC,Code.complexity,Worker.ID,Worker.score,Worker.profession,Worker.yearsOfExperience,Worker.age,Worker.gender,Worker.whereLearnedToCode,Worker.country,Worker.programmingLanguage,isCorrect,Halstead_volume,ReadabilityScore,CosineSimilarity,AverageScore,DiversityScore
1501,HIT07_33,102,262.616,3,3,1,1,0,0,0,1,2,I think when it gets to array[i] when I is 1. It references null   So calling getClass() on null will give null pointer exception,3,3,10Ei5i-5c-61-9,5,Professional_Developer,7.0,28,Male,University,United States,visual fox pro,1,101.95026032264605,93.80438709677422,0.7635565221295079,0.850800196548625,28.33786320494367
1502,HIT07_33,102,114.741,4,2,1,1,0,0,0,1,2,The second element of our input array is null. When we call the getClass method on null a NullPointerException is raised.,3,3,33ac-3i3I5-8-3:72ag4C-7e4-1-9,5,Hobbyist,13.0,39,Male,Web,United States of America,Python; Elixir,1,89.20647778231529,93.80438709677422,0.7635565221295079,0.850800196548625,28.33786320494367
1431,HIT07_33,104,1355.471,5,1,1,1,0,0,0,1,1,As we iterate through Object's dimensions; there are null arrays in the middle. getClass doesn't work on nulls and throws a NullPointerException. You might try testing for these nulls at line 910 like so:    classes[i] = array[i] == null ? null : array[i].getClass();,1,1,133Ac-8e0G-703:189Ii1E-1G-123,5,Hobbyist,33.0,43,Male,Other self-taught,USA,C++,1,228.8429080801566,93.80438709677422,0.7635565221295079,0.850800196548625,28.33786320494367
1432,HIT07_33,104,485.485,5,2,1,1,0,0,0,1,1,The FOR loop should check if the element (array[i]) is null.  If yes; then set classes[i] to null.  Else; assign classes[i] to the return of getClass().,1,1,28Gc-2i-9C-18-2:442cA-6G6i-749,4,Professional_Developer,14.0,36,Female,University,USA,c++,1,112.37013046707143,93.80438709677422,0.7635565221295079,0.850800196548625,28.33786320494367
1434,HIT07_33,104,936.954,5,3,1,1,0,0,0,1,1,The second element of the array is null (which has no class); and the getClass method with produce a NullPointerException in this case.,1,1,515IG1e8A-9-36,5,Hobbyist,33.0,47,Male,University;Other Taught myself the basics as a kid,USA,C/C++ and some python and java,1,101.02330072391149,93.80438709677422,0.7635565221295079,0.850800196548625,28.33786320494367
