Answer.ID,FailingMethod,Question.ID,Answer.duration,Answer.confidence,Answer.difficulty,GroundTruth,TP,TN,FN,FP,Answer.option,Answer.order,Answer.explanation,Code.LOC,Code.complexity,Worker.ID,Worker.score,Worker.profession,Worker.yearsOfExperience,Worker.age,Worker.gender,Worker.whereLearnedToCode,Worker.country,Worker.programmingLanguage,isCorrect,Halstead_volume,ReadabilityScore,CosineSimilarity,AverageScore,DiversityScore
513,HIT03_6,20,447.514,4,3,1,1,0,0,0,1,1,Checking a character in the string with pos most likely causes an error since the error is a string out of bounds,1,1,1221iC8A5A242:495CC9e6a691:11aE2c-4c-9-86,4,Undergraduate_Student,4.0,19,Male,University;Web;Other FIRST Robotics,United States,C++,1,91.73835003173087,53.1649275362319,0.80225745323842,0.6669533643003696,29.01984511178708
412,HIT03_6,30,1201.538,2,5,1,1,0,0,0,1,2,the for loop is limited up to the value of consumed; while pos is incremented; possibly past the end of input since there are no check conditions.,3,2,781gE-5a0I-2-8-5,3,Hobbyist,35.0,59,Male,University;Web;Other self study,USA,Euphoria,1,122.13617281353935,53.1649275362319,0.80225745323842,0.6669533643003696,29.01984511178708
582,HIT03_6,32,409.454,4,4,1,1,0,0,0,1,2,The invocation will call to inspect the input at positions that are out of range (pos),1,1,59gA3i5E2-7-9:249IE-2a8E-92-1,5,Graduate_Student,12.0,40,Male,University;Web,Colombia,C++,1,62.5102495297363,53.1649275362319,0.80225745323842,0.6669533643003696,29.01984511178708
583,HIT03_6,32,269.281,2,3,1,1,0,0,0,1,2,The pos counter is being incremented in line 89 and line 95 within the while; so it could be incremented beyond the len variable.,1,1,270eG-5c6A3-46:65eI-2i-2I-9-36,5,Professional_Developer,20.0,38,Male,High School;University;Other On the job,USA,C#,1,103.72627427729671,53.1649275362319,0.80225745323842,0.6669533643003696,29.01984511178708
593,HIT03_6,32,457.226,2,4,1,1,0,0,0,1,2,"depending on the input; the ""pos"" could be longer than the length of the input.",1,1,817EE-1e2C78-7:129eE4a-1E-24-3,3,Hobbyist,32.0,32,Male,University,USA,java,1,53.77443751081734,53.1649275362319,0.80225745323842,0.6669533643003696,29.01984511178708
