Answer.ID,FailingMethod,Question.ID,Answer.duration,Answer.confidence,Answer.difficulty,GroundTruth,TP,TN,FN,FP,Answer.option,Answer.order,Answer.explanation,Code.LOC,Code.complexity,Worker.ID,Worker.score,Worker.profession,Worker.yearsOfExperience,Worker.age,Worker.gender,Worker.whereLearnedToCode,Worker.country,Worker.programmingLanguage,isCorrect,Halstead_volume,ReadabilityScore,CosineSimilarity,AverageScore,DiversityScore
1419,HIT07_33,97,61.814,5,2,1,1,0,0,0,1,1,[]array should be [array],1,1,100iI-7A-7g-505:15ge-4I9c-31-7,5,Hobbyist,4.0,28,Male,Web;Other books,United States,javascript,1,8.0,119.78617977528091,0.6306170907415336,0.9142394442471714,26.74511249783653
1507,HIT07_33,102,57.665,5,1,1,1,0,0,0,1,2,the getClass() method cannot read from null!,3,3,94iC8I-7g2-6-9:176ac-2C-6e7-94,3,Professional_Developer,25.0,42,Male,High School;University;Web,United States of America,C#; C++,1,19.651484454403228,119.78617977528091,0.6306170907415336,0.9142394442471714,26.74511249783653
1428,HIT07_33,104,681.99,5,4,1,1,0,0,0,1,1,a null check should be included here. Check if array[i] is null. Check its not null then execute line 910.,1,1,92ea8E5i07-8:77cc-5c0G32-4,4,Graduate_Student,6.0,25,Male,High School;University,USA,Java; C,1,81.74925682500678,119.78617977528091,0.6306170907415336,0.9142394442471714,26.74511249783653
1432,HIT07_33,104,485.485,5,2,1,1,0,0,0,1,1,The FOR loop should check if the element (array[i]) is null.  If yes; then set classes[i] to null.  Else; assign classes[i] to the return of getClass().,1,1,28Gc-2i-9C-18-2:442cA-6G6i-749,4,Professional_Developer,14.0,36,Female,University,USA,c++,1,112.37013046707143,119.78617977528091,0.6306170907415336,0.9142394442471714,26.74511249783653
